Model,Accuracy,F1-Score,AUC
RF_Stacker,0.9218928571428572,0.9219224045360256,0.9749896467239173
LR_Stacker,0.92175,0.9217548353639686,0.9769795625518044
Weighted,0.9222142857142858,0.9222254415366146,0.9767848729538295
