{
    "accuracy": 0.9453571428571429,
    "f1": 0.9450888021867725,
    "auc": 0.9927927036984943,
    "report": {
        "0.0": {
            "precision": 0.9879314710102118,
            "recall": 0.8940655311998777,
            "f1-score": 0.9386576858311282,
            "support": 13093.0
        },
        "1.0": {
            "precision": 0.9141229645223206,
            "recall": 0.9904071912524317,
            "f1-score": 0.9507373301564814,
            "support": 14907.0
        },
        "accuracy": 0.9453571428571429,
        "macro avg": {
            "precision": 0.9510272177662662,
            "recall": 0.9422363612261547,
            "f1-score": 0.9446975079938048,
            "support": 28000.0
        },
        "weighted avg": {
            "precision": 0.9486363493596762,
            "recall": 0.9453571428571429,
            "f1-score": 0.9450888021867725,
            "support": 28000.0
        }
    }
}