{
    "accuracy": 0.9851428571428571,
    "f1": 0.9851284178344649,
    "auc": 0.9994502359036525,
    "report": {
        "0.0": {
            "precision": 0.9974103429333752,
            "recall": 0.9707477277934774,
            "f1-score": 0.9838984362904475,
            "support": 13093.0
        },
        "1.0": {
            "precision": 0.9748967686963361,
            "recall": 0.9977862749044073,
            "f1-score": 0.9862087256332052,
            "support": 14907.0
        },
        "accuracy": 0.9851428571428571,
        "macro avg": {
            "precision": 0.9861535558148556,
            "recall": 0.9842670013489423,
            "f1-score": 0.9850535809618264,
            "support": 28000.0
        },
        "weighted avg": {
            "precision": 0.9854242768208201,
            "recall": 0.9851428571428571,
            "f1-score": 0.9851284178344649,
            "support": 28000.0
        }
    }
}