{
    "accuracy": 0.9846428571428572,
    "f1": 0.984627633435054,
    "auc": 0.9994861955063629,
    "report": {
        "0.0": {
            "precision": 0.997095077333752,
            "recall": 0.9699839608951348,
            "f1-score": 0.9833526906697638,
            "support": 13093.0
        },
        "1.0": {
            "precision": 0.9742514577737011,
            "recall": 0.99751794458979,
            "f1-score": 0.9857474312230693,
            "support": 14907.0
        },
        "accuracy": 0.9846428571428572,
        "macro avg": {
            "precision": 0.9856732675537265,
            "recall": 0.9837509527424624,
            "f1-score": 0.9845500609464166,
            "support": 28000.0
        },
        "weighted avg": {
            "precision": 0.9849332974486921,
            "recall": 0.9846428571428572,
            "f1-score": 0.984627633435054,
            "support": 28000.0
        }
    }
}