{
    "accuracy": 0.9893928571428572,
    "f1": 0.9893861827727557,
    "auc": 0.999729748355894,
    "report": {
        "0.0": {
            "precision": 0.9977438929516104,
            "recall": 0.9795310471244176,
            "f1-score": 0.9885535900104059,
            "support": 13093.0
        },
        "1.0": {
            "precision": 0.9823055592235573,
            "recall": 0.9980546052190247,
            "f1-score": 0.990117459155492,
            "support": 14907.0
        },
        "accuracy": 0.9893928571428572,
        "macro avg": {
            "precision": 0.9900247260875839,
            "recall": 0.9887928261717212,
            "f1-score": 0.9893355245829489,
            "support": 28000.0
        },
        "weighted avg": {
            "precision": 0.9895246343486072,
            "recall": 0.9893928571428572,
            "f1-score": 0.9893861827727557,
            "support": 28000.0
        }
    }
}