{
    "accuracy": 0.9861428571428571,
    "f1": 0.9861340152743321,
    "auc": 0.9994499387380249,
    "report": {
        "0.0": {
            "precision": 0.9943195082094779,
            "recall": 0.9759413427022073,
            "f1-score": 0.9850447116867098,
            "support": 13093.0
        },
        "1.0": {
            "precision": 0.9792065482870157,
            "recall": 0.9951029717582344,
            "f1-score": 0.9870907639073729,
            "support": 14907.0
        },
        "accuracy": 0.9861428571428571,
        "macro avg": {
            "precision": 0.9867630282482468,
            "recall": 0.9855221572302209,
            "f1-score": 0.9860677377970414,
            "support": 28000.0
        },
        "weighted avg": {
            "precision": 0.9862734762964727,
            "recall": 0.9861428571428571,
            "f1-score": 0.9861340152743321,
            "support": 28000.0
        }
    }
}