{
    "accuracy": 0.9633214285714286,
    "f1": 0.9632136890231487,
    "auc": 0.9972054646852954,
    "report": {
        "0.0": {
            "precision": 0.9929727079588168,
            "recall": 0.928129534865959,
            "f1-score": 0.9594567920729541,
            "support": 13093.0
        },
        "1.0": {
            "precision": 0.9402994543839615,
            "recall": 0.9942308982357282,
            "f1-score": 0.9665134174573674,
            "support": 14907.0
        },
        "accuracy": 0.9633214285714286,
        "macro avg": {
            "precision": 0.9666360811713891,
            "recall": 0.9611802165508436,
            "f1-score": 0.9629851047651607,
            "support": 28000.0
        },
        "weighted avg": {
            "precision": 0.9649298439930893,
            "recall": 0.9633214285714286,
            "f1-score": 0.9632136890231487,
            "support": 28000.0
        }
    }
}