{
    "accuracy": 0.5028214285714285,
    "f1": 0.5024061164856801,
    "auc": 0.4993564186656063,
    "report": {
        "0.0": {
            "precision": 0.4676208352885969,
            "recall": 0.45665622851905596,
            "f1-score": 0.46207349588469415,
            "support": 13093.0
        },
        "1.0": {
            "precision": 0.5324043644012094,
            "recall": 0.5433688871000201,
            "f1-score": 0.5378307493111119,
            "support": 14907.0
        },
        "accuracy": 0.5028214285714285,
        "macro avg": {
            "precision": 0.5000125998449032,
            "recall": 0.500012557809538,
            "f1-score": 0.499952122597903,
            "support": 28000.0
        },
        "weighted avg": {
            "precision": 0.502111123448658,
            "recall": 0.5028214285714285,
            "f1-score": 0.5024061164856801,
            "support": 28000.0
        }
    }
}