{
    "accuracy": 0.5039642857142858,
    "f1": 0.5027181615167845,
    "auc": 0.49906707156815544,
    "report": {
        "0.0": {
            "precision": 0.46773147397437975,
            "recall": 0.44061712365386085,
            "f1-score": 0.4537696149762064,
            "support": 13093.0
        },
        "1.0": {
            "precision": 0.532490744286991,
            "recall": 0.5596028711343664,
            "f1-score": 0.5457102672292545,
            "support": 14907.0
        },
        "accuracy": 0.5039642857142858,
        "macro avg": {
            "precision": 0.5001111091306853,
            "recall": 0.5001099973941137,
            "f1-score": 0.49973994110273046,
            "support": 28000.0
        },
        "weighted avg": {
            "precision": 0.5022088469225975,
            "recall": 0.5039642857142858,
            "f1-score": 0.5027181615167845,
            "support": 28000.0
        }
    }
}