{
    "accuracy": 0.9511785714285714,
    "f1": 0.9509739741924474,
    "auc": 0.9957270733733854,
    "report": {
        "0.0": {
            "precision": 0.9893173092972792,
            "recall": 0.9053692812953487,
            "f1-score": 0.9454835493519441,
            "support": 13093.0
        },
        "1.0": {
            "precision": 0.9226495192907979,
            "recall": 0.9914134299322466,
            "f1-score": 0.9557962813257882,
            "support": 14907.0
        },
        "accuracy": 0.9511785714285714,
        "macro avg": {
            "precision": 0.9559834142940385,
            "recall": 0.9483913556137976,
            "f1-score": 0.9506399153388662,
            "support": 28000.0
        },
        "weighted avg": {
            "precision": 0.9538238540963285,
            "recall": 0.9511785714285714,
            "f1-score": 0.9509739741924474,
            "support": 28000.0
        }
    }
}