{
    "accuracy": 0.9588571428571429,
    "f1": 0.9587405727137627,
    "auc": 0.99575854475041,
    "report": {
        "0.0": {
            "precision": 0.9869504934344671,
            "recall": 0.9242343236844115,
            "f1-score": 0.954563382503747,
            "support": 13093.0
        },
        "1.0": {
            "precision": 0.9369718533579008,
            "recall": 0.9892667874153083,
            "f1-score": 0.9624094498466358,
            "support": 14907.0
        },
        "accuracy": 0.9588571428571429,
        "macro avg": {
            "precision": 0.9619611733961839,
            "recall": 0.9567505555498599,
            "f1-score": 0.9584864161751914,
            "support": 28000.0
        },
        "weighted avg": {
            "precision": 0.9603422224479894,
            "recall": 0.9588571428571429,
            "f1-score": 0.9587405727137627,
            "support": 28000.0
        }
    }
}