{
    "accuracy": 0.9892142857142857,
    "f1": 0.9892077204598364,
    "auc": 0.9995947275665197,
    "report": {
        "0.0": {
            "precision": 0.9972785941995179,
            "recall": 0.9796074238142519,
            "f1-score": 0.9883640286661015,
            "support": 13093.0
        },
        "1.0": {
            "precision": 0.9823634321949931,
            "recall": 0.9976521097470987,
            "f1-score": 0.9899487452572722,
            "support": 14907.0
        },
        "accuracy": 0.9892142857142857,
        "macro avg": {
            "precision": 0.9898210131972556,
            "recall": 0.9886297667806754,
            "f1-score": 0.9891563869616868,
            "support": 28000.0
        },
        "weighted avg": {
            "precision": 0.9893378684851803,
            "recall": 0.9892142857142857,
            "f1-score": 0.9892077204598364,
            "support": 28000.0
        }
    }
}