{
    "accuracy": 0.9869285714285714,
    "f1": 0.9869190586506842,
    "auc": 0.9994592379727502,
    "report": {
        "0.0": {
            "precision": 0.9963341393027065,
            "recall": 0.9756358359428703,
            "f1-score": 0.9858763602685807,
            "support": 13093.0
        },
        "1.0": {
            "precision": 0.9789841228012386,
            "recall": 0.9968471188032468,
            "f1-score": 0.987834873363026,
            "support": 14907.0
        },
        "accuracy": 0.9869285714285714,
        "macro avg": {
            "precision": 0.9876591310519726,
            "recall": 0.9862414773730586,
            "f1-score": 0.9868556168158034,
            "support": 28000.0
        },
        "weighted avg": {
            "precision": 0.9870971144460142,
            "recall": 0.9869285714285714,
            "f1-score": 0.9869190586506842,
            "support": 28000.0
        }
    }
}