{
    "accuracy": 0.9678571428571429,
    "f1": 0.9677912251282147,
    "auc": 0.9972364518872888,
    "report": {
        "0.0": {
            "precision": 0.9898754519887505,
            "recall": 0.9408844420682808,
            "f1-score": 0.9647583992481792,
            "support": 13093.0
        },
        "1.0": {
            "precision": 0.9502410800385728,
            "recall": 0.9915475950895553,
            "f1-score": 0.970454993106165,
            "support": 14907.0
        },
        "accuracy": 0.9678571428571429,
        "macro avg": {
            "precision": 0.9700582660136616,
            "recall": 0.966216018578918,
            "f1-score": 0.9676066961771721,
            "support": 28000.0
        },
        "weighted avg": {
            "precision": 0.9687743954651326,
            "recall": 0.9678571428571429,
            "f1-score": 0.9677912251282147,
            "support": 28000.0
        }
    }
}